{
  "HTTP Request PUT character/4" : {
    "transaction" : "HTTP Request PUT character/4",
    "sampleCount" : 168680,
    "errorCount" : 5784,
    "errorPct" : 3.428978,
    "meanResTime" : 1118.1237609675002,
    "medianResTime" : 102.0,
    "minResTime" : 0.0,
    "maxResTime" : 100960.0,
    "pct1ResTime" : 152.0,
    "pct2ResTime" : 208.0,
    "pct3ResTime" : 520.9800000000032,
    "throughput" : 372.39080282141003,
    "receivedKBytesPerSec" : 124.53013796940714,
    "sentKBytesPerSec" : 82.71280100283687
  },
  "Total" : {
    "transaction" : "Total",
    "sampleCount" : 843400,
    "errorCount" : 36750,
    "errorPct" : 4.357363,
    "meanResTime" : 1367.7914311121865,
    "medianResTime" : 35.0,
    "minResTime" : 0.0,
    "maxResTime" : 102037.0,
    "pct1ResTime" : 99.0,
    "pct2ResTime" : 114.0,
    "pct3ResTime" : 158.8100000000304,
    "throughput" : 1861.855365141317,
    "receivedKBytesPerSec" : 11867.223323251917,
    "sentKBytesPerSec" : 353.2406696306368
  },
  "HTTP Request Get characters" : {
    "transaction" : "HTTP Request Get characters",
    "sampleCount" : 168680,
    "errorCount" : 9162,
    "errorPct" : 5.4315863,
    "meanResTime" : 1871.7670085368343,
    "medianResTime" : 102.0,
    "minResTime" : 1.0,
    "maxResTime" : 102037.0,
    "pct1ResTime" : 153.0,
    "pct2ResTime" : 211.0,
    "pct3ResTime" : 591.9800000000032,
    "throughput" : 372.37518322942975,
    "receivedKBytesPerSec" : 11353.33864967154,
    "sentKBytesPerSec" : 59.493974090420416
  },
  "HTTP Request GET character/1" : {
    "transaction" : "HTTP Request GET character/1",
    "sampleCount" : 168680,
    "errorCount" : 8353,
    "errorPct" : 4.95198,
    "meanResTime" : 1618.4944391747554,
    "medianResTime" : 102.0,
    "minResTime" : 0.0,
    "maxResTime" : 100959.0,
    "pct1ResTime" : 151.0,
    "pct2ResTime" : 210.0,
    "pct3ResTime" : 521.9900000000016,
    "throughput" : 372.38422599139466,
    "receivedKBytesPerSec" : 135.49274391078495,
    "sentKBytesPerSec" : 60.14279979849792
  },
  "HTTP Request DELETE character/4" : {
    "transaction" : "HTTP Request DELETE character/4",
    "sampleCount" : 168680,
    "errorCount" : 5778,
    "errorPct" : 3.425421,
    "meanResTime" : 817.3021697889525,
    "medianResTime" : 102.0,
    "minResTime" : 0.0,
    "maxResTime" : 100960.0,
    "pct1ResTime" : 152.0,
    "pct2ResTime" : 211.0,
    "pct3ResTime" : 531.9900000000016,
    "throughput" : 372.39655773824506,
    "receivedKBytesPerSec" : 119.89463780651296,
    "sentKBytesPerSec" : 68.83742187465504
  },
  "HTTP Request POST character" : {
    "transaction" : "HTTP Request POST character",
    "sampleCount" : 168680,
    "errorCount" : 7673,
    "errorPct" : 4.54885,
    "meanResTime" : 1413.2697770927373,
    "medianResTime" : 102.0,
    "minResTime" : 0.0,
    "maxResTime" : 100960.0,
    "pct1ResTime" : 154.0,
    "pct2ResTime" : 213.95000000000073,
    "pct3ResTime" : 497.0,
    "throughput" : 372.3875143773636,
    "receivedKBytesPerSec" : 134.11797961753453,
    "sentKBytesPerSec" : 82.06917038265864
  }
}