{
  "HTTP Request PUT character/4" : {
    "transaction" : "HTTP Request PUT character/4",
    "sampleCount" : 224350,
    "errorCount" : 89757,
    "errorPct" : 40.007576,
    "meanResTime" : 5.621729440606086,
    "medianResTime" : 4.0,
    "minResTime" : 0.0,
    "maxResTime" : 4223.0,
    "pct1ResTime" : 18.0,
    "pct2ResTime" : 23.0,
    "pct3ResTime" : 46.0,
    "throughput" : 186.81666402977743,
    "receivedKBytesPerSec" : 176.10677056227152,
    "sentKBytesPerSec" : 42.811578335647546
  },
  "Total" : {
    "transaction" : "Total",
    "sampleCount" : 1121782,
    "errorCount" : 92686,
    "errorPct" : 8.26239,
    "meanResTime" : 24.14844952049564,
    "medianResTime" : 6.0,
    "minResTime" : 0.0,
    "maxResTime" : 6163.0,
    "pct1ResTime" : 137.0,
    "pct2ResTime" : 160.0,
    "pct3ResTime" : 237.9900000000016,
    "throughput" : 934.0741875639073,
    "receivedKBytesPerSec" : 385.53837526104206,
    "sentKBytesPerSec" : 184.54097958600275
  },
  "HTTP Request Get characters" : {
    "transaction" : "HTTP Request Get characters",
    "sampleCount" : 224378,
    "errorCount" : 736,
    "errorPct" : 0.3280179,
    "meanResTime" : 92.24493042989951,
    "medianResTime" : 119.0,
    "minResTime" : 0.0,
    "maxResTime" : 6163.0,
    "pct1ResTime" : 217.0,
    "pct2ResTime" : 261.0,
    "pct3ResTime" : 531.9900000000016,
    "throughput" : 186.83282318419657,
    "receivedKBytesPerSec" : 65.61267160547514,
    "sentKBytesPerSec" : 31.460992391165874
  },
  "HTTP Request GET character/1" : {
    "transaction" : "HTTP Request GET character/1",
    "sampleCount" : 224353,
    "errorCount" : 733,
    "errorPct" : 0.32671726,
    "meanResTime" : 8.574576671584401,
    "medianResTime" : 5.0,
    "minResTime" : 0.0,
    "maxResTime" : 4223.0,
    "pct1ResTime" : 32.0,
    "pct2ResTime" : 37.0,
    "pct3ResTime" : 59.0,
    "throughput" : 186.81558421660495,
    "receivedKBytesPerSec" : 48.102878332409055,
    "sentKBytesPerSec" : 31.64034104109055
  },
  "HTTP Request DELETE character/4" : {
    "transaction" : "HTTP Request DELETE character/4",
    "sampleCount" : 224350,
    "errorCount" : 729,
    "errorPct" : 0.3249387,
    "meanResTime" : 6.548616001782952,
    "medianResTime" : 7.0,
    "minResTime" : 0.0,
    "maxResTime" : 1638.0,
    "pct1ResTime" : 25.0,
    "pct2ResTime" : 34.0,
    "pct3ResTime" : 50.0,
    "throughput" : 186.81619734318804,
    "receivedKBytesPerSec" : 46.64165458774907,
    "sentKBytesPerSec" : 35.64159687775051
  },
  "HTTP Request POST character" : {
    "transaction" : "HTTP Request POST character",
    "sampleCount" : 224351,
    "errorCount" : 731,
    "errorPct" : 0.32582873,
    "meanResTime" : 7.744177650199831,
    "medianResTime" : 6.0,
    "minResTime" : 0.0,
    "maxResTime" : 1638.0,
    "pct1ResTime" : 28.0,
    "pct2ResTime" : 35.0,
    "pct3ResTime" : 51.0,
    "throughput" : 186.81594111181425,
    "receivedKBytesPerSec" : 49.08520817633564,
    "sentKBytesPerSec" : 42.991281553933646
  }
}