{
  "HTTP Request PUT character/4" : {
    "transaction" : "HTTP Request PUT character/4",
    "sampleCount" : 14831,
    "errorCount" : 0,
    "errorPct" : 0.0,
    "meanResTime" : 5.529229316971193,
    "medianResTime" : 3.0,
    "minResTime" : 0.0,
    "maxResTime" : 258.0,
    "pct1ResTime" : 12.0,
    "pct2ResTime" : 24.0,
    "pct3ResTime" : 33.0,
    "throughput" : 209.73809254440548,
    "receivedKBytesPerSec" : 53.75381885765499,
    "sentKBytesPerSec" : 48.223615245644304
  },
  "Total" : {
    "transaction" : "Total",
    "sampleCount" : 74265,
    "errorCount" : 0,
    "errorPct" : 0.0,
    "meanResTime" : 13.5718036760251,
    "medianResTime" : 3.0,
    "minResTime" : 0.0,
    "maxResTime" : 307.0,
    "pct1ResTime" : 16.0,
    "pct2ResTime" : 22.0,
    "pct3ResTime" : 41.9900000000016,
    "throughput" : 1048.2004234297813,
    "receivedKBytesPerSec" : 298.7280014996472,
    "sentKBytesPerSec" : 207.7391165314044
  },
  "HTTP Request Get characters" : {
    "transaction" : "HTTP Request Get characters",
    "sampleCount" : 14897,
    "errorCount" : 0,
    "errorPct" : 0.0,
    "meanResTime" : 44.25595757535077,
    "medianResTime" : 25.0,
    "minResTime" : 0.0,
    "maxResTime" : 307.0,
    "pct1ResTime" : 114.0,
    "pct2ResTime" : 136.0,
    "pct3ResTime" : 182.0,
    "throughput" : 210.26111503175724,
    "receivedKBytesPerSec" : 87.83826140172901,
    "sentKBytesPerSec" : 35.52262978563868
  },
  "HTTP Request GET character/1" : {
    "transaction" : "HTTP Request GET character/1",
    "sampleCount" : 14855,
    "errorCount" : 0,
    "errorPct" : 0.0,
    "meanResTime" : 6.543318747896344,
    "medianResTime" : 5.0,
    "minResTime" : 0.0,
    "maxResTime" : 256.0,
    "pct1ResTime" : 9.0,
    "pct2ResTime" : 13.0,
    "pct3ResTime" : 35.44000000000051,
    "throughput" : 210.00622031214658,
    "receivedKBytesPerSec" : 52.70663927756022,
    "sentKBytesPerSec" : 35.684650717103025
  },
  "HTTP Request DELETE character/4" : {
    "transaction" : "HTTP Request DELETE character/4",
    "sampleCount" : 14838,
    "errorCount" : 0,
    "errorPct" : 0.0,
    "meanResTime" : 5.728804421081004,
    "medianResTime" : 3.0,
    "minResTime" : 0.0,
    "maxResTime" : 255.0,
    "pct1ResTime" : 12.0,
    "pct2ResTime" : 26.0,
    "pct3ResTime" : 33.0,
    "throughput" : 209.8222492469986,
    "receivedKBytesPerSec" : 51.02123052978774,
    "sentKBytesPerSec" : 40.161289894933326
  },
  "HTTP Request POST character" : {
    "transaction" : "HTTP Request POST character",
    "sampleCount" : 14844,
    "errorCount" : 0,
    "errorPct" : 0.0,
    "meanResTime" : 5.687146321746177,
    "medianResTime" : 3.0,
    "minResTime" : 0.0,
    "maxResTime" : 257.0,
    "pct1ResTime" : 10.0,
    "pct2ResTime" : 22.0,
    "pct3ResTime" : 32.0,
    "throughput" : 209.87148128773205,
    "receivedKBytesPerSec" : 53.785192093236155,
    "sentKBytesPerSec" : 48.45642401366484
  }
}